Metric,Value
design__lint_error__count,0
design__lint_timing_construct__count,0
design__lint_warning__count,13
design__inferred_latch__count,0
design__instance__count,10392
design__instance__area,135244.710400
design__instance_unmapped__count,0
synthesis__check_error__count,0
design__max_slew_violation__count__corner:nom_tt_025C_1v80,3517
design__max_fanout_violation__count__corner:nom_tt_025C_1v80,0
design__max_cap_violation__count__corner:nom_tt_025C_1v80,121
power__internal__total,0.009377360343933105
power__switching__total,0.007344909477978945
power__leakage__total,4.5512624069488083E-7
power__total,0.016722723841667175
clock__skew__worst_hold__corner:nom_tt_025C_1v80,-1.959122475255626
clock__skew__worst_setup__corner:nom_tt_025C_1v80,-1.959122475255626
timing__hold__ws__corner:nom_tt_025C_1v80,0.4223699842759109
timing__setup__ws__corner:nom_tt_025C_1v80,12.713210399814637
timing__hold__tns__corner:nom_tt_025C_1v80,0.0
timing__setup__tns__corner:nom_tt_025C_1v80,0.0
timing__hold__wns__corner:nom_tt_025C_1v80,0
timing__setup__wns__corner:nom_tt_025C_1v80,0.0
timing__hold_vio__count__corner:nom_tt_025C_1v80,0
timing__hold_r2r__ws__corner:nom_tt_025C_1v80,0.422370
timing__hold_r2r_vio__count__corner:nom_tt_025C_1v80,0
timing__setup_vio__count__corner:nom_tt_025C_1v80,0
timing__setup_r2r__ws__corner:nom_tt_025C_1v80,12.713210
timing__setup_r2r_vio__count__corner:nom_tt_025C_1v80,0
design__max_slew_violation__count__corner:nom_ss_100C_1v60,10747
design__max_fanout_violation__count__corner:nom_ss_100C_1v60,0
design__max_cap_violation__count__corner:nom_ss_100C_1v60,6039
clock__skew__worst_hold__corner:nom_ss_100C_1v60,-3.4957366879537135
clock__skew__worst_setup__corner:nom_ss_100C_1v60,-3.4957366879537135
timing__hold__ws__corner:nom_ss_100C_1v60,0.8184132492243149
timing__setup__ws__corner:nom_ss_100C_1v60,0.9465211105028323
timing__hold__tns__corner:nom_ss_100C_1v60,0.0
timing__setup__tns__corner:nom_ss_100C_1v60,0.0
timing__hold__wns__corner:nom_ss_100C_1v60,0
timing__setup__wns__corner:nom_ss_100C_1v60,0.0
timing__hold_vio__count__corner:nom_ss_100C_1v60,0
timing__hold_r2r__ws__corner:nom_ss_100C_1v60,0.818413
timing__hold_r2r_vio__count__corner:nom_ss_100C_1v60,0
timing__setup_vio__count__corner:nom_ss_100C_1v60,0
timing__setup_r2r__ws__corner:nom_ss_100C_1v60,0.946521
timing__setup_r2r_vio__count__corner:nom_ss_100C_1v60,0
design__max_slew_violation__count__corner:nom_ff_n40C_1v95,3229
design__max_fanout_violation__count__corner:nom_ff_n40C_1v95,0
design__max_cap_violation__count__corner:nom_ff_n40C_1v95,17
clock__skew__worst_hold__corner:nom_ff_n40C_1v95,-1.323919678026432
clock__skew__worst_setup__corner:nom_ff_n40C_1v95,-1.323919678026432
timing__hold__ws__corner:nom_ff_n40C_1v95,0.25903185884979335
timing__setup__ws__corner:nom_ff_n40C_1v95,16.86970433316728
timing__hold__tns__corner:nom_ff_n40C_1v95,0.0
timing__setup__tns__corner:nom_ff_n40C_1v95,0.0
timing__hold__wns__corner:nom_ff_n40C_1v95,0
timing__setup__wns__corner:nom_ff_n40C_1v95,0.0
timing__hold_vio__count__corner:nom_ff_n40C_1v95,0
timing__hold_r2r__ws__corner:nom_ff_n40C_1v95,0.259032
timing__hold_r2r_vio__count__corner:nom_ff_n40C_1v95,0
timing__setup_vio__count__corner:nom_ff_n40C_1v95,0
timing__setup_r2r__ws__corner:nom_ff_n40C_1v95,16.869705
timing__setup_r2r_vio__count__corner:nom_ff_n40C_1v95,0
design__max_slew_violation__count__corner:min_tt_025C_1v80,3479
design__max_fanout_violation__count__corner:min_tt_025C_1v80,0
design__max_cap_violation__count__corner:min_tt_025C_1v80,19
clock__skew__worst_hold__corner:min_tt_025C_1v80,-1.8484815312729295
clock__skew__worst_setup__corner:min_tt_025C_1v80,-1.8484815312729295
timing__hold__ws__corner:min_tt_025C_1v80,0.4223699842759109
timing__setup__ws__corner:min_tt_025C_1v80,12.713210399814637
timing__hold__tns__corner:min_tt_025C_1v80,0.0
timing__setup__tns__corner:min_tt_025C_1v80,0.0
timing__hold__wns__corner:min_tt_025C_1v80,0
timing__setup__wns__corner:min_tt_025C_1v80,0.0
timing__hold_vio__count__corner:min_tt_025C_1v80,0
timing__hold_r2r__ws__corner:min_tt_025C_1v80,0.422370
timing__hold_r2r_vio__count__corner:min_tt_025C_1v80,0
timing__setup_vio__count__corner:min_tt_025C_1v80,0
timing__setup_r2r__ws__corner:min_tt_025C_1v80,12.713210
timing__setup_r2r_vio__count__corner:min_tt_025C_1v80,0
design__max_slew_violation__count__corner:min_ss_100C_1v60,10121
design__max_fanout_violation__count__corner:min_ss_100C_1v60,0
design__max_cap_violation__count__corner:min_ss_100C_1v60,5683
clock__skew__worst_hold__corner:min_ss_100C_1v60,-3.2985537457316085
clock__skew__worst_setup__corner:min_ss_100C_1v60,-3.2985537457316085
timing__hold__ws__corner:min_ss_100C_1v60,0.8184132492243149
timing__setup__ws__corner:min_ss_100C_1v60,0.9465211105028323
timing__hold__tns__corner:min_ss_100C_1v60,0.0
timing__setup__tns__corner:min_ss_100C_1v60,0.0
timing__hold__wns__corner:min_ss_100C_1v60,0
timing__setup__wns__corner:min_ss_100C_1v60,0.0
timing__hold_vio__count__corner:min_ss_100C_1v60,0
timing__hold_r2r__ws__corner:min_ss_100C_1v60,0.818413
timing__hold_r2r_vio__count__corner:min_ss_100C_1v60,0
timing__setup_vio__count__corner:min_ss_100C_1v60,0
timing__setup_r2r__ws__corner:min_ss_100C_1v60,0.946521
timing__setup_r2r_vio__count__corner:min_ss_100C_1v60,0
design__max_slew_violation__count__corner:min_ff_n40C_1v95,3229
design__max_fanout_violation__count__corner:min_ff_n40C_1v95,0
design__max_cap_violation__count__corner:min_ff_n40C_1v95,17
clock__skew__worst_hold__corner:min_ff_n40C_1v95,-1.2507760736717375
clock__skew__worst_setup__corner:min_ff_n40C_1v95,-1.2507760736717375
timing__hold__ws__corner:min_ff_n40C_1v95,0.25903185884979335
timing__setup__ws__corner:min_ff_n40C_1v95,17.052766792429033
timing__hold__tns__corner:min_ff_n40C_1v95,0.0
timing__setup__tns__corner:min_ff_n40C_1v95,0.0
timing__hold__wns__corner:min_ff_n40C_1v95,0
timing__setup__wns__corner:min_ff_n40C_1v95,0.0
timing__hold_vio__count__corner:min_ff_n40C_1v95,0
timing__hold_r2r__ws__corner:min_ff_n40C_1v95,0.259032
timing__hold_r2r_vio__count__corner:min_ff_n40C_1v95,0
timing__setup_vio__count__corner:min_ff_n40C_1v95,0
timing__setup_r2r__ws__corner:min_ff_n40C_1v95,17.052767
timing__setup_r2r_vio__count__corner:min_ff_n40C_1v95,0
design__max_slew_violation__count__corner:max_tt_025C_1v80,3599
design__max_fanout_violation__count__corner:max_tt_025C_1v80,0
design__max_cap_violation__count__corner:max_tt_025C_1v80,123
clock__skew__worst_hold__corner:max_tt_025C_1v80,-2.0485012044254822
clock__skew__worst_setup__corner:max_tt_025C_1v80,-2.0485012044254822
timing__hold__ws__corner:max_tt_025C_1v80,0.4223699842759109
timing__setup__ws__corner:max_tt_025C_1v80,12.713210399814637
timing__hold__tns__corner:max_tt_025C_1v80,0.0
timing__setup__tns__corner:max_tt_025C_1v80,0.0
timing__hold__wns__corner:max_tt_025C_1v80,0
timing__setup__wns__corner:max_tt_025C_1v80,0.0
timing__hold_vio__count__corner:max_tt_025C_1v80,0
timing__hold_r2r__ws__corner:max_tt_025C_1v80,0.422370
timing__hold_r2r_vio__count__corner:max_tt_025C_1v80,0
timing__setup_vio__count__corner:max_tt_025C_1v80,0
timing__setup_r2r__ws__corner:max_tt_025C_1v80,12.713210
timing__setup_r2r_vio__count__corner:max_tt_025C_1v80,0
design__max_slew_violation__count__corner:max_ss_100C_1v60,10965
design__max_fanout_violation__count__corner:max_ss_100C_1v60,0
design__max_cap_violation__count__corner:max_ss_100C_1v60,6089
clock__skew__worst_hold__corner:max_ss_100C_1v60,-3.6561881224118618
clock__skew__worst_setup__corner:max_ss_100C_1v60,-3.6561881224118618
timing__hold__ws__corner:max_ss_100C_1v60,0.8184132492243149
timing__setup__ws__corner:max_ss_100C_1v60,0.9465211105028323
timing__hold__tns__corner:max_ss_100C_1v60,0.0
timing__setup__tns__corner:max_ss_100C_1v60,0.0
timing__hold__wns__corner:max_ss_100C_1v60,0
timing__setup__wns__corner:max_ss_100C_1v60,0.0
timing__hold_vio__count__corner:max_ss_100C_1v60,0
timing__hold_r2r__ws__corner:max_ss_100C_1v60,0.818413
timing__hold_r2r_vio__count__corner:max_ss_100C_1v60,0
timing__setup_vio__count__corner:max_ss_100C_1v60,0
timing__setup_r2r__ws__corner:max_ss_100C_1v60,0.946521
timing__setup_r2r_vio__count__corner:max_ss_100C_1v60,0
design__max_slew_violation__count__corner:max_ff_n40C_1v95,3229
design__max_fanout_violation__count__corner:max_ff_n40C_1v95,0
design__max_cap_violation__count__corner:max_ff_n40C_1v95,17
clock__skew__worst_hold__corner:max_ff_n40C_1v95,-1.380965492157995
clock__skew__worst_setup__corner:max_ff_n40C_1v95,-1.380965492157995
timing__hold__ws__corner:max_ff_n40C_1v95,0.25903185884979335
timing__setup__ws__corner:max_ff_n40C_1v95,16.694484489573284
timing__hold__tns__corner:max_ff_n40C_1v95,0.0
timing__setup__tns__corner:max_ff_n40C_1v95,0.0
timing__hold__wns__corner:max_ff_n40C_1v95,0
timing__setup__wns__corner:max_ff_n40C_1v95,0.0
timing__hold_vio__count__corner:max_ff_n40C_1v95,0
timing__hold_r2r__ws__corner:max_ff_n40C_1v95,0.259032
timing__hold_r2r_vio__count__corner:max_ff_n40C_1v95,0
timing__setup_vio__count__corner:max_ff_n40C_1v95,0
timing__setup_r2r__ws__corner:max_ff_n40C_1v95,16.694485
timing__setup_r2r_vio__count__corner:max_ff_n40C_1v95,0
design__max_slew_violation__count,10965
design__max_fanout_violation__count,0
design__max_cap_violation__count,6089
clock__skew__worst_hold,-1.2507760736717375
clock__skew__worst_setup,-3.6561881224118618
timing__hold__ws,0.25903185884979335
timing__setup__ws,0.9465211105028323
timing__hold__tns,0.0
timing__setup__tns,0.0
timing__hold__wns,0
timing__setup__wns,0.0
timing__hold_vio__count,0
timing__hold_r2r__ws,0.259032
timing__hold_r2r_vio__count,0
timing__setup_vio__count,0
timing__setup_r2r__ws,0.946521
timing__setup_r2r_vio__count,0
